base_name,step1_file,step2_file,bleu_score,edit_distance,step1_syntax_errors,step1_expression_errors,step2_syntax_errors,step2_expression_errors,yaml_improved,actionlint_improved
6d852ea88b27cc10254f423c1f014b5841e7b15845b7197b69f631e69c0fa6b1,6d852ea88b27cc10254f423c1f014b5841e7b15845b7197b69f631e69c0fa6b1,15dd5294d40f115ad70223c872caded9e12432b1cc5d2d5d7b9e09f8e7990dc1,0.9940,2,1,0,0,0,True,True
e31683ca78a432407085dc9f45bbdf49b663b7ac4befda4f4758bc50ab0ceef2,e31683ca78a432407085dc9f45bbdf49b663b7ac4befda4f4758bc50ab0ceef2,f0dd9ca9b4265bcd2726d27ea2b81eba7d05147aa7f7cf94c2b34cd338cd1964,0.9894,1,1,0,0,0,False,True
f6b366f61f105b2434b762f349336b8c2d15695f72cfc34636fe14f6feb7cc71,f6b366f61f105b2434b762f349336b8c2d15695f72cfc34636fe14f6feb7cc71,67c806621912ff8eac2aff0973a19e2b110f662bab53125a6621cc95dc29462d,0.9885,8,3,0,0,0,False,True
47f4c5efe91d14fa3841aa36ef886f7b7b47fde8a8722f9f727569b38d78678e,47f4c5efe91d14fa3841aa36ef886f7b7b47fde8a8722f9f727569b38d78678e,295f5e9fc109fe76449627c1264a756667472fe47fad1ec78ded83fae67c3e7b,0.9870,1,0,0,0,0,False,False
144219ae5871007f568ea79dff27e67c705fb08e6fc115c9cdabc114a04d9ee6,144219ae5871007f568ea79dff27e67c705fb08e6fc115c9cdabc114a04d9ee6,3f60f1795fe1222b9989823d0fa5ef61906df21562b3cf534e6c9e974713daeb,0.9867,1,1,0,0,0,True,True
863201e059ff239884fdbd95aed968d04688efc43c602dc758298ae80ce0d4c6,863201e059ff239884fdbd95aed968d04688efc43c602dc758298ae80ce0d4c6,9f646a4126e59d7ce88d602dfade962c6afadf11b3b22514ebf4f298a4ae8c3f,0.9850,1,1,0,0,0,False,True
12607c88ad84fd954e303351f1c29298f9515d50a162882d807d41f663da9a8c,12607c88ad84fd954e303351f1c29298f9515d50a162882d807d41f663da9a8c,108c2891f37d63b614969250ecdcd1c98846d0b54648357a2e61277f77786f0a,0.9813,1,1,0,0,0,False,True
431246d62ee845a4f67da227e525d6b86d7657f8c4f62edf2bd8ebebec748c53,431246d62ee845a4f67da227e525d6b86d7657f8c4f62edf2bd8ebebec748c53,e920c49ad3a38bf203d0f4e957e19633a190d0a4e66aa312c49b547fbaa5d0d7,0.9798,1,1,0,0,0,True,True
fbfc9e8945dd2dba9f0c4edfda567e116c610a54ae4a39ed9bf1fd44dbb01c02,fbfc9e8945dd2dba9f0c4edfda567e116c610a54ae4a39ed9bf1fd44dbb01c02,9660e93779febdd797da5637bd25ecf83397ace3ec3493c9ab171fcac4aa1d0c,0.9798,1,1,0,0,0,False,True
19adf5faa7348751fbd2cbc3840a6f95108578688542b81188bce4c01f1a6a17,19adf5faa7348751fbd2cbc3840a6f95108578688542b81188bce4c01f1a6a17,ab97536b79707a20cbbbd9eea1a6155fd5986a24bda730d7d93f896edeb62dab,0.9778,1,1,0,0,0,False,True
37a5b2abc5da4145cee340443d95e789ce77adee2effd935ce9e907789899321,37a5b2abc5da4145cee340443d95e789ce77adee2effd935ce9e907789899321,ffadc5344ff9f24b85b2c5ed88e3fce9e5d2311b690c477d189dd541cd09a300,0.9777,1,1,0,0,0,False,True
e62afae1faf1c366fbb148068244c71d5ab66e06d8da34500c95c197852f3919,e62afae1faf1c366fbb148068244c71d5ab66e06d8da34500c95c197852f3919,a39bc9b94449451c93f820f49c5bbd727e5db72931d0780b6aae4d586ffcdad3,0.9776,1,1,0,0,0,True,True
fde16e7d9db9e0b0835e1f940ce853a304cb450f2ef7c72831913cd7838c9536,fde16e7d9db9e0b0835e1f940ce853a304cb450f2ef7c72831913cd7838c9536,c9796a2a79e104fd8afc9c7fdac75cae22ab391c1ad3b1fa41fcc2925a82404d,0.9756,16,4,0,0,0,False,True
7b14b19181db53e5aad266af22ec80c21a7ad86e0d9a3733cd219cdae14de98d,7b14b19181db53e5aad266af22ec80c21a7ad86e0d9a3733cd219cdae14de98d,c5d771f57ccf18148ead2ce57b53b498186dd7d350d2a13b053caacce260bd6a,0.9742,1,2,0,0,0,False,True
19258ed075aa8e803221bd5865d57c00efe95f8bef222797a0eebdfff6c2ec32,19258ed075aa8e803221bd5865d57c00efe95f8bef222797a0eebdfff6c2ec32,98bddc0d46ab37f6acea8dd1d49bbd978efb577569d953d4cd50c15aea293ff9,0.9712,1,1,0,0,0,True,True
5f208d2ed2a03e89b19fc427282bab5143ca6a099ea362e174d3a35d61d428ae,5f208d2ed2a03e89b19fc427282bab5143ca6a099ea362e174d3a35d61d428ae,2a28b0ed47b7b9815b59bcb2f63ffffefa93af0d03d097d19242802b9df8e87e,0.9695,1,3,0,0,0,False,True
da0b25b0960d69ad378bf7468648707472bafe67fd3d81c66ce4f118b3b485e9,da0b25b0960d69ad378bf7468648707472bafe67fd3d81c66ce4f118b3b485e9,b2a875935d3d882dc9fc96554abb55be7fc494acced9cd397394a2f90539104d,0.9661,1,1,0,0,0,True,True
14ac7b69a9de471f132d57419f8f0edd08cdba29dbcd6a567df06d02e12897a6,14ac7b69a9de471f132d57419f8f0edd08cdba29dbcd6a567df06d02e12897a6,e1801ff91a187d2333206c6a26d0ba43db83bfc4edf2cb6d925f5427eb46a73b,0.9646,1,1,0,0,0,True,True
9f5d4acdf95f8b8cb9d38495e12167f8cc1f1b52c584462c6a5bbdd9336095d2,9f5d4acdf95f8b8cb9d38495e12167f8cc1f1b52c584462c6a5bbdd9336095d2,035c700b827666d95341e7ba009f4a6324168e9909b6a77db5f71c57e41f62c4,0.9646,3,1,0,0,0,True,True
55c87a3ab6dd1fb82c5c96d93cf0e81201ec3c8cc53b87a8b45cad58272409dc,55c87a3ab6dd1fb82c5c96d93cf0e81201ec3c8cc53b87a8b45cad58272409dc,4e0077b2bbfe00afe36663165dacb4d3f5af8f19ad2b4d387b9f3f33ae6bea31,0.9631,2,2,0,0,0,False,True
98cc10ab1759348b1bfee5d3e892ad08243b1d2d31e6e2880387780c0ffe02ba,98cc10ab1759348b1bfee5d3e892ad08243b1d2d31e6e2880387780c0ffe02ba,f644d6a4c52d534ad2bfd95ad89b9dbdadf387a78b8d365e3721bf78bd7d33a4,0.9606,2,1,0,0,0,True,True
a213a851c82357b79f2c11fc331f2fc07aa5f4282936241cd807747480e0ce83,a213a851c82357b79f2c11fc331f2fc07aa5f4282936241cd807747480e0ce83,0ba0432f32fe35ac6148b814c83c479093ed4e0717eaad72fcbc9fee7162e5b6,0.9590,4,1,0,0,0,False,True
5984db13ef855cc2f550b4a88d68874e4e29804836cbfeab12f91dad4df7c537,5984db13ef855cc2f550b4a88d68874e4e29804836cbfeab12f91dad4df7c537,eae8ca244c5959419a7e4712af5d0f58a3645caed118de6dd2330e9af78b6792,0.9590,4,1,0,0,0,False,True
781853becc80748ede29a80e9c260f904cf49762f5de623b68877daf86f8dd53,781853becc80748ede29a80e9c260f904cf49762f5de623b68877daf86f8dd53,c97d0ac930e1ca70145f1b662a5e5b30ee6960094dfefec8dc145bec7519c47d,0.9543,1,0,0,0,0,False,False
8eb749771ffc0bcfc0e7247670dd78e626c1fd0312f96378846def2327cdabf0,8eb749771ffc0bcfc0e7247670dd78e626c1fd0312f96378846def2327cdabf0,6bfe26e94a214f0108322573cca7b86f74813d1710c22c4483ecf307630c61ff,0.9534,1,1,0,0,0,False,True
a12db4af6c634f4dd559c5d5a277e93068243c499b3eda3055e90d6ef4a4a503,a12db4af6c634f4dd559c5d5a277e93068243c499b3eda3055e90d6ef4a4a503,e0564f6b9743f9d8ddd9752e366198989c46543318d6b0f1f9efae73fec9658a,0.9487,1,1,0,0,0,True,True
483d349a1f8b71e2386cb1b43b105757ddaf51c739c01f55d56cf8a040c9f533,483d349a1f8b71e2386cb1b43b105757ddaf51c739c01f55d56cf8a040c9f533,cb3a5b050f5bf4f28c3b7593a8979577d100d2fbdaac6265af4a27caae2f1948,0.9461,2,1,0,0,0,False,True
432a0c8b4fdeece1d97468bcb69603dcb88233a6e1535bb01d18001709f39ba2,432a0c8b4fdeece1d97468bcb69603dcb88233a6e1535bb01d18001709f39ba2,1eb6ac8ce917511538e460b01f24156f1317becfbfe1175b7112c11244c0a047,0.9453,1,1,0,0,0,True,True
e4c981ced1f688787e6c31edf4d2e1a58b4ab4c8b060d46eb708a476df772b77,e4c981ced1f688787e6c31edf4d2e1a58b4ab4c8b060d46eb708a476df772b77,f0e7cdea97094a9701db11cf4e339491bfd8d119195e5d0689dd7e27d00119a0,0.9444,2,1,0,0,0,False,True
fd1dd07efaf279ee634367633d0da11baac3c3408a70268c8ee18644e002e32c,fd1dd07efaf279ee634367633d0da11baac3c3408a70268c8ee18644e002e32c,d5b75faf2b9c97ffd70054d68e3929e9fca9bef2a18278d22987a1e772828a90,0.9424,3,1,0,0,0,True,True
cc7046412ef19a0d802ba43a60879aed8d88aeba5c3a911d87d5a8ced07e129a,cc7046412ef19a0d802ba43a60879aed8d88aeba5c3a911d87d5a8ced07e129a,efc175c619ab9f17b28371d80ed15f2d2efc2872243b53421dfe307b2458ced7,0.9414,1,2,0,0,0,False,True
cd5037f8e53c575214a162a5bd263b4a0c3eb3e40a6339f07b27d0ec79130d6f,cd5037f8e53c575214a162a5bd263b4a0c3eb3e40a6339f07b27d0ec79130d6f,0796001c974e101627a2a0a4c0c17f6d7536d49126e56bc11a8b6a37f5ddefd9,0.9400,1,1,0,0,0,False,True
4d8c94215d66296f388f8f5d7f764ce172d69893f1070956b50ac067e58ab210,4d8c94215d66296f388f8f5d7f764ce172d69893f1070956b50ac067e58ab210,cf8d4d767c67db443438feebaa8b5143d298a11d3d1adca113aef6829cde1c55,0.9355,1,1,0,0,0,True,True
b791d30a4d1c79e61b3d865a87d47b42afeee55e0b20cfc034e654d335aad53c,b791d30a4d1c79e61b3d865a87d47b42afeee55e0b20cfc034e654d335aad53c,0e748405d00eca71933ddb6be4ec340a01a51416f38b918cf4fafa8831fd4a56,0.9353,5,0,0,0,0,False,False
de5c9a99884da52406af55e0861592d998847fa6ac6228192e28727ad65ccbb7,de5c9a99884da52406af55e0861592d998847fa6ac6228192e28727ad65ccbb7,c2e74ac249ac0ff7ed2e6578442750fe3a3c7ed64d53bc3f1db83e53ca89a84f,0.9326,2,1,0,0,0,False,True
16d51e3faadfb28b3dc6ae7ca6db87626d5bedceabfb0177b85299987ef2595f,16d51e3faadfb28b3dc6ae7ca6db87626d5bedceabfb0177b85299987ef2595f,52b3516abde366cac64b3045da17fc6cb480bcc2af7ea7e744c57abb8d0c75b0,0.9326,2,1,0,0,0,True,True
b3862d3d9b8b8d206a87f9397995bd8723cb9ba203e1d88ccdd884f0523ec5a5,b3862d3d9b8b8d206a87f9397995bd8723cb9ba203e1d88ccdd884f0523ec5a5,5ad480211d4b56b13fe88c069304b5b0ab7d9a917f350d509c427308f3cf591e,0.9318,1,1,0,0,0,False,True
a6c4846b890db259b878704d820e7a593e1aaca52f2a1a87359058a8ce7587f5,a6c4846b890db259b878704d820e7a593e1aaca52f2a1a87359058a8ce7587f5,500667dc1fcac52298617368b6ad8c4ade22399593e76c22afcd949d6db47a97,0.9308,3,1,0,0,0,False,True
6a773a0afa8ae0733cfa99439fda052b8eae0e937096a39f3c13b9a1c0804428,6a773a0afa8ae0733cfa99439fda052b8eae0e937096a39f3c13b9a1c0804428,1b8aadc7b42a7b8097992a7c75cc98c353a3232951f91620990803bac59bd7fd,0.9289,9,3,0,0,0,False,True
4286c22d6c0e6037fb216413dd768ce624ed9c150f71600341e6e9fe242d0df2,4286c22d6c0e6037fb216413dd768ce624ed9c150f71600341e6e9fe242d0df2,5244518ad707de7c66051f85e0b72085964e4d2a448f38327235dbf87da6de54,0.9244,3,1,0,0,0,True,True
18a6e326f1d5d0cd0197f594d6f65a9383f248fa5db1697e68c1f5f52ad6b8fd,18a6e326f1d5d0cd0197f594d6f65a9383f248fa5db1697e68c1f5f52ad6b8fd,71fbc36bb5bfd959f87bfd1536dd70c588fc2fa4a55506e7c250dd14ac7ca294,0.9220,1,0,0,0,0,False,False
7523894109a5fbe39786bb136b11a41434a692595e124c1db0cb23b5a99342ab,7523894109a5fbe39786bb136b11a41434a692595e124c1db0cb23b5a99342ab,a1363acac17b402327553e2eb9096c4a207c4a4700902208843920668f490f14,0.9158,2,1,0,0,0,False,True
3018e452634b949a4a7e349ffbe67aac4156a153c6982307dfed643b1d896280,3018e452634b949a4a7e349ffbe67aac4156a153c6982307dfed643b1d896280,03d1f5e770f2f4ae5dae3a1cd6a07f287bccfe659e049cad82252b9d72befbdb,0.9135,2,1,0,0,0,False,True
d5ce3bebf31d3c36b9b79016c03f464b36459be04c5e8e11a1c73f4538dd212f,d5ce3bebf31d3c36b9b79016c03f464b36459be04c5e8e11a1c73f4538dd212f,d9d819437505c995000b8f30ad861816ec2979682c58305e9600c1c65021e3df,0.9077,8,1,0,0,0,True,True
939b75fbe40b8dd5d9282de69cb1094348a436b52dc2d4cbcefcdf78a1c47a7d,939b75fbe40b8dd5d9282de69cb1094348a436b52dc2d4cbcefcdf78a1c47a7d,b5a0590c6ca78560893d151c507b5c39d5ea9e60c74061a5fa88e93a5f2d8bc6,0.9074,1,1,0,0,0,False,True
1978a286bcb0660b06b96ad9106b2270f385ab01713670f8a7eff53f9b88217c,1978a286bcb0660b06b96ad9106b2270f385ab01713670f8a7eff53f9b88217c,f4a1d27dd61e8cf8ae918746157eab57224d5cca3abd8570e1bd440d502d3ab7,0.9064,7,0,0,0,0,True,False
4fb87d0cd9175d0789e2b111181bbc801b94ba8da434306dfaca4af23efbd682,4fb87d0cd9175d0789e2b111181bbc801b94ba8da434306dfaca4af23efbd682,b2a228f64f35a6dc326c5a2056c47778312ed0cef65d76f39daa314de4be80db,0.9025,1,1,0,0,0,True,True
73190a245fd00bc472fc3f879d76f1c97d3a9739ffde9cb0ab128c423963c81c,73190a245fd00bc472fc3f879d76f1c97d3a9739ffde9cb0ab128c423963c81c,f7242c87d2af2e2ab0b7b3297084dd37d4cc4d8f7167c3fde7be39f59852ea77,0.8994,10,1,0,0,0,False,True
0704bc7c17620a58bf1c422682f783ae8f3ea562484d542cea8dd80d5b38bbf6,0704bc7c17620a58bf1c422682f783ae8f3ea562484d542cea8dd80d5b38bbf6,0174f0ac7e4b4f0ea5b8373a5a974821ada2e9f323a94bb4367ab6c0b589432b,0.8988,2,1,0,0,0,True,True
df6d6d4ef1c9d00e6d4249ee2087a4557006763ffcaa057b724c09a473c62421,df6d6d4ef1c9d00e6d4249ee2087a4557006763ffcaa057b724c09a473c62421,b70253dee318fda086fd47f84ed4598911a0b86849cc47852fc099ccd205757e,0.8979,9,0,0,0,0,False,False
d2c4e5a999390fd5e2e1ee000241b12d0f22d87fca43cdb0b5d260d3098f1668,d2c4e5a999390fd5e2e1ee000241b12d0f22d87fca43cdb0b5d260d3098f1668,281611b4e87ada0057a50945e33d21177d6fce7d9225365ab9ecbbbaf3866f9d,0.8978,3,1,1,0,0,False,True
5230c422615ff5bd53acf22afc3bb3bae553367b1930d49f78bcacf79ff60908,5230c422615ff5bd53acf22afc3bb3bae553367b1930d49f78bcacf79ff60908,f897fee7e4f7cf4d5e68b803c691e9fc87c016e1ba2060b392e59f32a437e2e9,0.8967,2,1,0,0,0,True,True
9e3d60ff0120be503cce11eb1ea8498f7e6cbd329725f7185b6b067b1df9157a,9e3d60ff0120be503cce11eb1ea8498f7e6cbd329725f7185b6b067b1df9157a,e649ed29bf78ffc4bc1039400b9256f8638ad7eefecb591370960c081883942c,0.8953,2,1,0,0,0,False,True
29c268a86fc6701db2c9ff0a8d0b22725db05f0317750654a098077a17065066,29c268a86fc6701db2c9ff0a8d0b22725db05f0317750654a098077a17065066,fe45925dc1d0a9b54d48c3ae29254d69b2799bd92a16724f8ba709c8c4336021,0.8935,2,1,0,0,0,False,True
5a1bd047e6210fe70330e93d5dbff0061c93945cfeead51eafbb06daf7680005,5a1bd047e6210fe70330e93d5dbff0061c93945cfeead51eafbb06daf7680005,78c72f2cf13a95b1ca36ee909fe2899a811714ee49d349690bfd5c76db2bb112,0.8929,3,1,0,0,0,True,True
cf76e65c9f66e5d4a0df66a8edef7cf9a46720dde2c80c6c1d664b8b9aa753b1,cf76e65c9f66e5d4a0df66a8edef7cf9a46720dde2c80c6c1d664b8b9aa753b1,2687f73a1cb8a95bc6e7bc0c1bd1eb723ed4a054ab6b017305e7893845ed6e5b,0.8868,12,2,0,0,0,False,True
eee72092636417242d2efad987244b5e5618bca6d14968b0ba6418ff196098f4,eee72092636417242d2efad987244b5e5618bca6d14968b0ba6418ff196098f4,547f1673a9415bee85c22500ed908db0b5a3ace3f07a630e8a2e6c819c8a0d21,0.8847,2,2,0,0,0,False,True
1e12577ccff068f4aaa70d797a7cedd1541c9312a039200d1f75befb646ec9a7,1e12577ccff068f4aaa70d797a7cedd1541c9312a039200d1f75befb646ec9a7,216994731689bfad397ef27e8fd7db85acec27fdb421870bfd4ad9bbe0754417,0.8832,6,3,0,0,0,False,True
adf7786607f77482c4c3bb4ec43b65881ade2f1c84ace76014bbdac817989e3f,adf7786607f77482c4c3bb4ec43b65881ade2f1c84ace76014bbdac817989e3f,e66b6c027612f31f2e0a0c93e53dd343e27113dd779749b934a824134d185e51,0.8823,6,1,0,0,0,True,True
b6a9799a6d95593a0ac9d03c59b922663723130f4cbf041fa1f3501962c2a923,b6a9799a6d95593a0ac9d03c59b922663723130f4cbf041fa1f3501962c2a923,e99764683b964f84f3e5645f6e5206d141ab55a2d9c6b481a237433c9dc00d1d,0.8715,4,1,0,0,0,True,True
97b297a112d2efc43408ad9a25217145b290db8dfe368c119ed6fc87713519f4,97b297a112d2efc43408ad9a25217145b290db8dfe368c119ed6fc87713519f4,a87bc8c523b6007d4d40c8108a2f6e8c25f0148bcda7261fa8312cbf06a0c4ff,0.8693,4,1,0,0,0,True,True
91b80ac627b177256ad52f8413ace40e469323d73eab5434e94caf854ced42cf,91b80ac627b177256ad52f8413ace40e469323d73eab5434e94caf854ced42cf,8358ab48191f4588d92d63b73f9e597188b35e489bbd90323417c2ab732280e5,0.8656,1,1,0,0,0,True,True
4a84da6ad55e8dc2742f57541a438cb0e427266e3b4ab01feb7b97841c802c80,4a84da6ad55e8dc2742f57541a438cb0e427266e3b4ab01feb7b97841c802c80,57ca575f90638b76e25a9e95b689ca98d27e4c46492c5bb9f9752ddac0aa9050,0.8610,5,1,0,0,0,True,True
7c4ddce7d87b5e1418446c34d5215027f472551fab441fe6e899d5b0d01a2f8e,7c4ddce7d87b5e1418446c34d5215027f472551fab441fe6e899d5b0d01a2f8e,cacf4a13010bb18a8f13f61590536a7f4dfb2d7400c8a5091913bdfad84dd1cf,0.8610,4,1,0,0,0,False,True
c2ffff19c202b639596b7320dddd744a1e954397f2c1979a39c82b3ec6ffd1ab,c2ffff19c202b639596b7320dddd744a1e954397f2c1979a39c82b3ec6ffd1ab,25773ccc570734ca2b5c55817c2dc95a0b1ce96b060eee72035b50ff3c24e5cd,0.8579,1,1,0,0,0,False,True
a4bcb10ef217a69e0a9af5e3ec838cdcc90de4fc9264e55e560d131654499a5f,a4bcb10ef217a69e0a9af5e3ec838cdcc90de4fc9264e55e560d131654499a5f,45751bac7603c37eba99c4bb127f1fed89ffc6e292161f04500b2b484a79867a,0.8555,4,1,0,0,0,True,True
